Name,Date,Time
aditi thakkar,2026-08-29,21:06:00
kritika sah,2026-08-29,21:06:00
aditi thakkar,2026-08-29,21:06:57
kritika sah,2026-08-29,21:06:57
aditi thakkar,2026-08-29,21:18:59
aditi thakkar,2026-08-29,21:20:41
aditi thakkar,2026-08-29,21:21:43
kritika kandari,2026-08-29,21:22:03
aditi thakkar,2026-08-29,21:22:43
kritika kandari,2026-08-29,21:23:37
aditi thakkar,2026-08-29,21:23:45
kritika sah,2026-08-29,21:23:49
kritika sah,2026-08-29,21:25:08
aparna saraswat,2026-08-29,21:25:38
kritika sah,2026-08-29,21:26:08
kritika sah,2026-08-29,21:29:25
kritika sah,2026-08-29,21:30:25
kritika kandari,2026-08-29,21:30:31
sir,2026-08-29,21:32:15
kritika sah,2026-08-29,21:37:43
ananya choudhary,2026-08-29,21:38:28
goanshi,2026-08-29,21:40:50
ananya choudhary,2026-08-29,21:42:45
kritika kandari,2026-08-29,21:42:47
kritika sah,2026-08-29,21:43:31
kritika,2026-08-29,21:43:45
aparna saraswat,2026-08-29,21:43:45
ananya choudhary,2026-08-29,21:43:47
ananya choudhary,2026-08-29,21:48:23
kritika kandari,2026-08-29,21:48:26
kritika sah,2026-08-29,21:48:31
aparna saraswat,2026-08-29,21:48:32
goanshi,2026-08-29,21:48:35
ananya choudhary,2026-08-29,21:49:25
kritika kandari,2026-08-29,21:49:28
sir,2026-08-29,21:49:34
kritika sah,2026-08-29,21:49:38
khushi tiwari,2026-08-29,21:49:45
aparna saraswat,2026-08-29,21:50:15
goanshi,2026-08-29,21:50:30
ananya choudhary,2026-08-29,21:50:42
khushi tiwari,2026-08-29,21:50:45
kritika sah,2026-08-29,21:51:19
aparna saraswat,2026-08-29,21:51:22
kritika kandari,2026-08-29,21:51:37
khushi tiwari,2026-08-29,21:51:46
ananya choudhary,2026-08-29,21:51:49
kritika sah,2026-08-29,21:52:24
aparna saraswat,2026-08-29,21:52:29
goanshi,2026-08-29,21:52:37
khushi tiwari,2026-08-29,21:52:49
ananya choudhary,2026-08-29,21:52:56
goanshi,2026-08-29,21:53:39
khushi tiwari,2026-08-29,21:53:49
aparna saraswat,2026-08-29,21:54:10
ananya choudhary,2026-08-29,21:54:33
goanshi,2026-08-29,21:54:40
kritika sah,2026-08-29,21:54:40
sir,2026-08-29,21:54:40
khushi tiwari,2026-08-29,21:54:52
komal,2026-08-29,21:55:29
khushi tiwari,2026-08-29,21:56:05
goanshi,2026-08-29,21:56:09
komal,2026-08-29,21:56:29
khushi tiwari,2026-08-29,21:57:06
goanshi,2026-08-29,21:57:19
ananya choudhary,2026-08-29,21:57:22
kritika sah,2026-08-29,21:57:37
komal,2026-08-29,21:57:41
khushi tiwari,2026-08-29,21:58:06
goanshi,2026-08-29,21:58:19
aparna saraswat,2026-08-29,21:58:47
